{
  "atlas":{"type":"msdf","distanceRange":4,"distanceRangeMiddle":0,"size":48,"width":84,"height":84,"yOrigin":"bottom"},
  "metrics":{"emSize":1,"lineHeight":1.0900000000000001,"ascender":0.84999999999999998,"descender":-0.14999999999999999,"underlineY":0.01,"underlineThickness":0},
  "glyphs":[{"unicode":65,"advance":1,"planeBounds":{"left":0.0020833333333333199,"bottom":-0.052083333333333336,"right":0.8979166666666667,"top":0.76041666666666663},"atlasBounds":{"left":0.5,"bottom":44.5,"right":43.5,"top":83.5}},{"unicode":66,"advance":1,"planeBounds":{"left":0.14999999999999997,"bottom":-0.052083333333333336,"right":0.90000000000000002,"top":0.76041666666666663},"atlasBounds":{"left":44.5,"bottom":44.5,"right":80.5,"top":83.5}},{"unicode":67,"advance":1,"planeBounds":{"left":0.10208333333333333,"bottom":-0.052083333333333336,"right":0.99791666666666667,"top":0.76041666666666663},"atlasBounds":{"left":0.5,"bottom":4.5,"right":43.5,"top":43.5}}],
  "kerning":[],
  "names": {
    "backward": 65,
    "play": 66,
    "forward": 67
  }
}
